{
  "joints_deg": [
    [
      0,
      0,
      0,
      0,
      0,
      0
    ],
    [
      30,
      0,
      0,
      0,
      0,
      0
    ],
    [
      45,
      0,
      0,
      0,
      0,
      0
    ],
    [
      0,
      30,
      0,
      0,
      0,
      0
    ],
    [
      0,
      45,
      0,
      0,
      0,
      0
    ],
    [
      0,
      0,
      30,
      0,
      0,
      0
    ],
    [
      0,
      0,
      45,
      0,
      0,
      0
    ],
    [
      0,
      0,
      0,
      30,
      0,
      0
    ],
    [
      0,
      0,
      0,
      45,
      0,
      0
    ],
    [
      30,
      -20,
      20,
      0,
      30,
      60
    ]
  ],
  "sim_poses": [
    [
      15.542976005999998,
      178.99859999995198,
      222.37830000004806,
      90.00000000091676,
      -59.999775029448664,
      0.00022918232413211964
    ],
    [
      -73.95632077938951,
      155.01732284480767,
      222.37830000004806,
      90.00000000091674,
      -59.99977502944865,
      30.000229182324134
    ],
    [
      -111.0281408491845,
      126.57110691654427,
      222.37830000004806,
      90.00000000091673,
      -59.99977502944865,
      45.00022918232414
    ],
    [
      15.542275223186497,
      241.5173848403997,
      109.70138145869787,
      40.89361787059953,
      -48.59020740243836,
      40.89345852265051
    ],
    [
      15.541987431008964,
      248.900667736824,
      45.136619975077636,
      26.565272811152404,
      -37.761100842977974,
      50.76857595588104
    ],
    [
      15.542617569468442,
      174.01738484108438,
      127.78795194711392,
      40.89361787059953,
      -48.59020740243836,
      40.89345852265051
    ],
    [
      15.542527431008958,
      153.44125227772014,
      84.67720451381375,
      26.565272811152404,
      -37.761100842977974,
      50.76857595588104
    ],
    [
      15.542976006000002,
      178.99859999995198,
      222.37830000004806,
      90.00000000052928,
      -29.999775029448653,
      0.00022918285341165385
    ],
    [
      15.542976005999998,
      178.99859999995195,
      222.37830000004803,
      90.00000000047451,
      -14.999775029448644,
      0.00022918299523747113
    ],
    [
      -46.917653581594344,
      108.18510897507505,
      184.7368038060142,
      60.00000000046675,
      0.00022553492826794474,
      30.00023128940141
    ]
  ],
  "real_poses": [
    [
      0,
      0,
      0,
      0,
      0,
      0
    ],
    [
      0,
      0,
      0,
      0,
      0,
      0
    ],
    [
      0,
      0,
      0,
      0,
      0,
      0
    ],
    [
      0,
      0,
      0,
      0,
      0,
      0
    ],
    [
      0,
      0,
      0,
      0,
      0,
      0
    ],
    [
      0,
      0,
      0,
      0,
      0,
      0
    ],
    [
      0,
      0,
      0,
      0,
      0,
      0
    ],
    [
      0,
      0,
      0,
      0,
      0,
      0
    ],
    [
      0,
      0,
      0,
      0,
      0,
      0
    ],
    [
      0,
      0,
      0,
      0,
      0,
      0
    ]
  ]
}